GRAPH_NAME,GRAPH_URL,THREADS,MAX_ITERS,TOLERANCE,DISABLE_HYPERTHREADING,THREAD_BIND_POLICY,LOGS_GAPBS,VTUNE_ENABLE,ELAPSED_TIME,SPEEDUP,PARALLEL_EFFICIENCY,ELAPSED_TIME_MEAN,SEQUENTIAL_TIME
web-Google,https://snap.stanford.edu/data/web-Google.txt.gz,1,500,1e-06,True,spread,True,False,0.444082,1.0,1.0,0.444082,0.444082
web-Google,https://snap.stanford.edu/data/web-Google.txt.gz,1,500,1e-06,False,spread,True,False,0.447654,1.0,1.0,0.447654,0.447654
web-Google,https://snap.stanford.edu/data/web-Google.txt.gz,4,500,1e-06,True,spread,True,False,0.153741,2.8885072947359522,0.7221268236839881,0.153741,0.444082
web-Google,https://snap.stanford.edu/data/web-Google.txt.gz,4,500,1e-06,False,spread,True,False,0.154357,2.900121147728966,0.7250302869322415,0.154357,0.447654
web-Google,https://snap.stanford.edu/data/web-Google.txt.gz,12,500,1e-06,True,spread,True,False,0.064445,6.890868182170843,0.5742390151809036,0.064445,0.444082
web-Google,https://snap.stanford.edu/data/web-Google.txt.gz,12,500,1e-06,False,spread,True,False,0.063403,7.060454552623693,0.588371212718641,0.063403,0.447654
web-Google,https://snap.stanford.edu/data/web-Google.txt.gz,22,500,1e-06,True,spread,True,False,0.043449,10.220764574558677,0.46458020793448535,0.043449,0.444082
web-Google,https://snap.stanford.edu/data/web-Google.txt.gz,22,500,1e-06,False,spread,True,False,0.043307,10.336758491698802,0.4698526587135819,0.043307,0.447654
web-Google,https://snap.stanford.edu/data/web-Google.txt.gz,28,500,1e-06,True,spread,True,False,0.034434,12.896613811930068,0.46059335042607386,0.034434,0.444082
web-Google,https://snap.stanford.edu/data/web-Google.txt.gz,28,500,1e-06,False,spread,True,False,0.03514,12.73915765509391,0.454969916253354,0.03514,0.447654
web-Google,https://snap.stanford.edu/data/web-Google.txt.gz,36,500,1e-06,True,spread,True,False,0.033222,13.367106134489193,0.3713085037358109,0.033222,0.444082
web-Google,https://snap.stanford.edu/data/web-Google.txt.gz,36,500,1e-06,False,spread,True,False,0.032649,13.711109069190481,0.38086414081084674,0.032649,0.447654
web-Google,https://snap.stanford.edu/data/web-Google.txt.gz,44,500,1e-06,True,spread,True,False,0.032356,13.724873284707625,0.3119289382888097,0.032356,0.444082
web-Google,https://snap.stanford.edu/data/web-Google.txt.gz,44,500,1e-06,False,spread,True,False,0.033006999999999995,13.56239585542461,0.3082362694414684,0.033006999999999995,0.447654
web-Google,https://snap.stanford.edu/data/web-Google.txt.gz,66,500,1e-06,True,spread,True,False,0.037807,11.74602586822546,0.17797008891250699,0.037807,0.444082
web-Google,https://snap.stanford.edu/data/web-Google.txt.gz,66,500,1e-06,False,spread,True,False,0.029898,14.972707204495283,0.22685920006811036,0.029898,0.447654
web-Google,https://snap.stanford.edu/data/web-Google.txt.gz,88,500,1e-06,True,spread,True,False,0.039463,11.253123178673695,0.12787639975765563,0.039463,0.444082
web-Google,https://snap.stanford.edu/data/web-Google.txt.gz,88,500,1e-06,False,spread,True,False,0.029189,15.336393846997156,0.17427720280678585,0.029189,0.447654
web-BerkStan,https://snap.stanford.edu/data/web-BerkStan.txt.gz,1,500,1e-06,True,spread,True,False,0.306675,1.0,1.0,0.306675,0.306675
web-BerkStan,https://snap.stanford.edu/data/web-BerkStan.txt.gz,1,500,1e-06,False,spread,True,False,0.307286,1.0,1.0,0.307286,0.307286
web-BerkStan,https://snap.stanford.edu/data/web-BerkStan.txt.gz,4,500,1e-06,True,spread,True,False,0.09184300000000001,3.339122197663403,0.8347805494158508,0.09184300000000001,0.306675
web-BerkStan,https://snap.stanford.edu/data/web-BerkStan.txt.gz,4,500,1e-06,False,spread,True,False,0.09175599999999999,3.3489472078120235,0.8372368019530059,0.09175599999999999,0.307286
web-BerkStan,https://snap.stanford.edu/data/web-BerkStan.txt.gz,12,500,1e-06,True,spread,True,False,0.046046,6.660187638448508,0.5550156365373757,0.046046,0.306675
web-BerkStan,https://snap.stanford.edu/data/web-BerkStan.txt.gz,12,500,1e-06,False,spread,True,False,0.045541,6.74745833424826,0.5622881945206883,0.045541,0.307286
web-BerkStan,https://snap.stanford.edu/data/web-BerkStan.txt.gz,22,500,1e-06,True,spread,True,False,0.037596000000000004,8.157117778487072,0.37077808084032143,0.037596000000000004,0.306675
web-BerkStan,https://snap.stanford.edu/data/web-BerkStan.txt.gz,22,500,1e-06,False,spread,True,False,0.03791,8.105671326826695,0.3684396057648498,0.03791,0.307286
web-BerkStan,https://snap.stanford.edu/data/web-BerkStan.txt.gz,28,500,1e-06,True,spread,True,False,0.036305,8.447183583528439,0.30168512798315855,0.036305,0.306675
web-BerkStan,https://snap.stanford.edu/data/web-BerkStan.txt.gz,28,500,1e-06,False,spread,True,False,0.036553,8.406587694580471,0.3002352748064454,0.036553,0.307286
web-BerkStan,https://snap.stanford.edu/data/web-BerkStan.txt.gz,36,500,1e-06,True,spread,True,False,0.029265000000000003,10.479241414659148,0.2910900392960874,0.029265000000000003,0.306675
web-BerkStan,https://snap.stanford.edu/data/web-BerkStan.txt.gz,36,500,1e-06,False,spread,True,False,0.029428,10.441960038058992,0.29005444550163867,0.029428,0.307286
web-BerkStan,https://snap.stanford.edu/data/web-BerkStan.txt.gz,44,500,1e-06,True,spread,True,False,0.029747000000000003,10.309442969038892,0.23430552202361118,0.029747000000000003,0.306675
web-BerkStan,https://snap.stanford.edu/data/web-BerkStan.txt.gz,44,500,1e-06,False,spread,True,False,0.029845,10.296062992125984,0.2340014316392269,0.029845,0.307286
web-BerkStan,https://snap.stanford.edu/data/web-BerkStan.txt.gz,66,500,1e-06,True,spread,True,False,0.036692,8.35808895672081,0.12663771146546682,0.036692,0.306675
web-BerkStan,https://snap.stanford.edu/data/web-BerkStan.txt.gz,66,500,1e-06,False,spread,True,False,0.032959,9.323280439333717,0.14126182483838967,0.032959,0.307286
web-BerkStan,https://snap.stanford.edu/data/web-BerkStan.txt.gz,88,500,1e-06,True,spread,True,False,0.037534,8.170591996589758,0.09284763632488362,0.037534,0.306675
web-BerkStan,https://snap.stanford.edu/data/web-BerkStan.txt.gz,88,500,1e-06,False,spread,True,False,0.034694,8.857035798697181,0.10064813407610432,0.034694,0.307286
web-NotreDame,https://snap.stanford.edu/data/web-NotreDame.txt.gz,1,500,1e-06,True,spread,True,False,0.062627,1.0,1.0,0.062627,0.062627
web-NotreDame,https://snap.stanford.edu/data/web-NotreDame.txt.gz,1,500,1e-06,False,spread,True,False,0.062583,1.0,1.0,0.062583,0.062583
web-NotreDame,https://snap.stanford.edu/data/web-NotreDame.txt.gz,4,500,1e-06,True,spread,True,False,0.022849,2.7409076983675433,0.6852269245918858,0.022849,0.062627
web-NotreDame,https://snap.stanford.edu/data/web-NotreDame.txt.gz,4,500,1e-06,False,spread,True,False,0.022729,2.753442738351885,0.6883606845879713,0.022729,0.062583
web-NotreDame,https://snap.stanford.edu/data/web-NotreDame.txt.gz,12,500,1e-06,True,spread,True,False,0.013844,4.523764807859,0.3769804006549167,0.013844,0.062627
web-NotreDame,https://snap.stanford.edu/data/web-NotreDame.txt.gz,12,500,1e-06,False,spread,True,False,0.013839,4.522219813570344,0.37685165113086205,0.013839,0.062583
web-NotreDame,https://snap.stanford.edu/data/web-NotreDame.txt.gz,22,500,1e-06,True,spread,True,False,0.011342,5.5216892964203845,0.25098587711001746,0.011342,0.062627
web-NotreDame,https://snap.stanford.edu/data/web-NotreDame.txt.gz,22,500,1e-06,False,spread,True,False,0.011309,5.533911044300999,0.2515414111045909,0.011309,0.062583
web-NotreDame,https://snap.stanford.edu/data/web-NotreDame.txt.gz,28,500,1e-06,True,spread,True,False,0.011407,5.49022530025423,0.19607947500907963,0.011407,0.062627
web-NotreDame,https://snap.stanford.edu/data/web-NotreDame.txt.gz,28,500,1e-06,False,spread,True,False,0.0115,5.442,0.19435714285714284,0.0115,0.062583
web-NotreDame,https://snap.stanford.edu/data/web-NotreDame.txt.gz,36,500,1e-06,True,spread,True,False,0.011437,5.475824079741192,0.1521062244372553,0.011437,0.062627
web-NotreDame,https://snap.stanford.edu/data/web-NotreDame.txt.gz,36,500,1e-06,False,spread,True,False,0.011479,5.451955745273978,0.15144321514649942,0.011479,0.062583
web-NotreDame,https://snap.stanford.edu/data/web-NotreDame.txt.gz,44,500,1e-06,True,spread,True,False,0.011512,5.440149409312022,0.12363975930254598,0.011512,0.062627
web-NotreDame,https://snap.stanford.edu/data/web-NotreDame.txt.gz,44,500,1e-06,False,spread,True,False,0.011593000000000001,5.398343828172172,0.12268963245845847,0.011593000000000001,0.062583
web-NotreDame,https://snap.stanford.edu/data/web-NotreDame.txt.gz,66,500,1e-06,True,spread,True,False,0.015888,3.9417799597180263,0.05972393878360646,0.015888,0.062627
web-NotreDame,https://snap.stanford.edu/data/web-NotreDame.txt.gz,66,500,1e-06,False,spread,True,False,0.013862,4.514716491126822,0.06840479532010336,0.013862,0.062583
web-NotreDame,https://snap.stanford.edu/data/web-NotreDame.txt.gz,88,500,1e-06,True,spread,True,False,0.016593,3.774302416681733,0.042889800189565154,0.016593,0.062627
web-NotreDame,https://snap.stanford.edu/data/web-NotreDame.txt.gz,88,500,1e-06,False,spread,True,False,0.014968,4.181119722073757,0.04751272411447451,0.014968,0.062583
web-Stanford,https://snap.stanford.edu/data/web-Stanford.txt.gz,1,500,1e-06,True,spread,True,False,0.177542,1.0,1.0,0.177542,0.177542
web-Stanford,https://snap.stanford.edu/data/web-Stanford.txt.gz,1,500,1e-06,False,spread,True,False,0.177567,1.0,1.0,0.177567,0.177567
web-Stanford,https://snap.stanford.edu/data/web-Stanford.txt.gz,4,500,1e-06,True,spread,True,False,0.065621,2.7055668155011356,0.6763917038752839,0.065621,0.177542
web-Stanford,https://snap.stanford.edu/data/web-Stanford.txt.gz,4,500,1e-06,False,spread,True,False,0.066434,2.672833187825511,0.6682082969563777,0.066434,0.177567
web-Stanford,https://snap.stanford.edu/data/web-Stanford.txt.gz,12,500,1e-06,True,spread,True,False,0.032469,5.468046444300718,0.45567053702505983,0.032469,0.177542
web-Stanford,https://snap.stanford.edu/data/web-Stanford.txt.gz,12,500,1e-06,False,spread,True,False,0.032101000000000005,5.531509921809289,0.46095916015077404,0.032101000000000005,0.177567
web-Stanford,https://snap.stanford.edu/data/web-Stanford.txt.gz,22,500,1e-06,True,spread,True,False,0.020396,8.704746028633066,0.3956702740287757,0.020396,0.177542
web-Stanford,https://snap.stanford.edu/data/web-Stanford.txt.gz,22,500,1e-06,False,spread,True,False,0.020137,8.817947062621046,0.4008157755736839,0.020137,0.177567
web-Stanford,https://snap.stanford.edu/data/web-Stanford.txt.gz,28,500,1e-06,True,spread,True,False,0.020268,8.759719755279258,0.31284713411711634,0.020268,0.177542
web-Stanford,https://snap.stanford.edu/data/web-Stanford.txt.gz,28,500,1e-06,False,spread,True,False,0.020247,8.770040005926804,0.3132157144973859,0.020247,0.177567
web-Stanford,https://snap.stanford.edu/data/web-Stanford.txt.gz,36,500,1e-06,True,spread,True,False,0.020714,8.571111325673458,0.23808642571315158,0.020714,0.177542
web-Stanford,https://snap.stanford.edu/data/web-Stanford.txt.gz,36,500,1e-06,False,spread,True,False,0.020555999999999998,8.638207822533568,0.2399502172925991,0.020555999999999998,0.177567
web-Stanford,https://snap.stanford.edu/data/web-Stanford.txt.gz,44,500,1e-06,True,spread,True,False,0.020811000000000003,8.531161405026188,0.19389003193241333,0.020811000000000003,0.177542
web-Stanford,https://snap.stanford.edu/data/web-Stanford.txt.gz,44,500,1e-06,False,spread,True,False,0.020717,8.571076893372593,0.19479720212210438,0.020717,0.177567
web-Stanford,https://snap.stanford.edu/data/web-Stanford.txt.gz,66,500,1e-06,True,spread,True,False,0.025308999999999998,7.014974910111029,0.10628749863804589,0.025308999999999998,0.177542
web-Stanford,https://snap.stanford.edu/data/web-Stanford.txt.gz,66,500,1e-06,False,spread,True,False,0.028326,6.268693073501376,0.0949801980833542,0.028326,0.177567
web-Stanford,https://snap.stanford.edu/data/web-Stanford.txt.gz,88,500,1e-06,True,spread,True,False,0.026243,6.765308844263233,0.07687850959390036,0.026243,0.177542
web-Stanford,https://snap.stanford.edu/data/web-Stanford.txt.gz,88,500,1e-06,False,spread,True,False,0.029254999999999996,6.069629123226799,0.06897305821848636,0.029254999999999996,0.177567
com-Orkut,https://snap.stanford.edu/data/bigdata/communities/com-orkut.all.cmty.txt.gz,1,500,1e-06,True,spread,True,False,0.081124,1.0,1.0,0.081124,0.081124
com-Orkut,https://snap.stanford.edu/data/bigdata/communities/com-orkut.all.cmty.txt.gz,1,500,1e-06,False,spread,True,False,0.080955,1.0,1.0,0.080955,0.080955
com-Orkut,https://snap.stanford.edu/data/bigdata/communities/com-orkut.all.cmty.txt.gz,4,500,1e-06,True,spread,True,False,0.076836,1.0558071737206518,0.26395179343016295,0.076836,0.081124
com-Orkut,https://snap.stanford.edu/data/bigdata/communities/com-orkut.all.cmty.txt.gz,4,500,1e-06,False,spread,True,False,0.077274,1.0476356860004659,0.26190892150011646,0.077274,0.080955
com-Orkut,https://snap.stanford.edu/data/bigdata/communities/com-orkut.all.cmty.txt.gz,12,500,1e-06,True,spread,True,False,0.044397,1.8272405793184225,0.1522700482765352,0.044397,0.081124
com-Orkut,https://snap.stanford.edu/data/bigdata/communities/com-orkut.all.cmty.txt.gz,12,500,1e-06,False,spread,True,False,0.042698,1.8959904445173077,0.15799920370977566,0.042698,0.080955
com-Orkut,https://snap.stanford.edu/data/bigdata/communities/com-orkut.all.cmty.txt.gz,22,500,1e-06,True,spread,True,False,0.031511,2.574466059471296,0.11702118452142254,0.031511,0.081124
com-Orkut,https://snap.stanford.edu/data/bigdata/communities/com-orkut.all.cmty.txt.gz,22,500,1e-06,False,spread,True,False,0.032658,2.4788719456182253,0.11267599752810115,0.032658,0.080955
com-Orkut,https://snap.stanford.edu/data/bigdata/communities/com-orkut.all.cmty.txt.gz,28,500,1e-06,True,spread,True,False,0.027223999999999998,2.9798707023214814,0.10642395365433861,0.027223999999999998,0.081124
com-Orkut,https://snap.stanford.edu/data/bigdata/communities/com-orkut.all.cmty.txt.gz,28,500,1e-06,False,spread,True,False,0.026705,3.031454783748362,0.10826624227672721,0.026705,0.080955
com-Orkut,https://snap.stanford.edu/data/bigdata/communities/com-orkut.all.cmty.txt.gz,36,500,1e-06,True,spread,True,False,0.022899,3.542687453600594,0.09840798482223873,0.022899,0.081124
com-Orkut,https://snap.stanford.edu/data/bigdata/communities/com-orkut.all.cmty.txt.gz,36,500,1e-06,False,spread,True,False,0.023437,3.4541536886120237,0.09594871357255622,0.023437,0.080955
com-Orkut,https://snap.stanford.edu/data/bigdata/communities/com-orkut.all.cmty.txt.gz,44,500,1e-06,True,spread,True,False,0.022858999999999997,3.5488866529594474,0.08065651483998744,0.022858999999999997,0.081124
com-Orkut,https://snap.stanford.edu/data/bigdata/communities/com-orkut.all.cmty.txt.gz,44,500,1e-06,False,spread,True,False,0.023139,3.4986386619992222,0.07951451504543686,0.023139,0.080955
com-Orkut,https://snap.stanford.edu/data/bigdata/communities/com-orkut.all.cmty.txt.gz,66,500,1e-06,True,spread,True,False,0.026483,3.063248121436393,0.046412850324793836,0.026483,0.081124
com-Orkut,https://snap.stanford.edu/data/bigdata/communities/com-orkut.all.cmty.txt.gz,66,500,1e-06,False,spread,True,False,0.018826,4.3001699776904285,0.0651540905710671,0.018826,0.080955
com-Orkut,https://snap.stanford.edu/data/bigdata/communities/com-orkut.all.cmty.txt.gz,88,500,1e-06,True,spread,True,False,0.026298,3.0847973229903416,0.03505451503398116,0.026298,0.081124
com-Orkut,https://snap.stanford.edu/data/bigdata/communities/com-orkut.all.cmty.txt.gz,88,500,1e-06,False,spread,True,False,0.018052,4.484544648792378,0.05096073464536793,0.018052,0.080955
com-Friendster,https://snap.stanford.edu/data/bigdata/communities/com-friendster.all.cmty.txt.gz,1,500,1e-06,True,spread,True,False,1.1071300000000002,1.0,1.0,1.1071300000000002,1.1071300000000002
com-Friendster,https://snap.stanford.edu/data/bigdata/communities/com-friendster.all.cmty.txt.gz,1,500,1e-06,False,spread,True,False,1.107217,1.0,1.0,1.107217,1.107217
com-Friendster,https://snap.stanford.edu/data/bigdata/communities/com-friendster.all.cmty.txt.gz,4,500,1e-06,True,spread,True,False,0.556574,1.989187421618689,0.4972968554046722,0.556574,1.1071300000000002
com-Friendster,https://snap.stanford.edu/data/bigdata/communities/com-friendster.all.cmty.txt.gz,4,500,1e-06,False,spread,True,False,0.555323,1.9938252152350973,0.4984563038087743,0.555323,1.107217
com-Friendster,https://snap.stanford.edu/data/bigdata/communities/com-friendster.all.cmty.txt.gz,12,500,1e-06,True,spread,True,False,0.349573,3.1670924241860785,0.26392436868217317,0.349573,1.1071300000000002
com-Friendster,https://snap.stanford.edu/data/bigdata/communities/com-friendster.all.cmty.txt.gz,12,500,1e-06,False,spread,True,False,0.350591,3.1581443904720885,0.2631786992060074,0.350591,1.107217
com-Friendster,https://snap.stanford.edu/data/bigdata/communities/com-friendster.all.cmty.txt.gz,22,500,1e-06,True,spread,True,False,0.315853,3.5052065359518516,0.15932756981599325,0.315853,1.1071300000000002
com-Friendster,https://snap.stanford.edu/data/bigdata/communities/com-friendster.all.cmty.txt.gz,22,500,1e-06,False,spread,True,False,0.31413599999999997,3.5246421931902105,0.1602110087813732,0.31413599999999997,1.107217
com-Friendster,https://snap.stanford.edu/data/bigdata/communities/com-friendster.all.cmty.txt.gz,28,500,1e-06,True,spread,True,False,0.387143,2.8597443321976637,0.10213372614991656,0.387143,1.1071300000000002
com-Friendster,https://snap.stanford.edu/data/bigdata/communities/com-friendster.all.cmty.txt.gz,28,500,1e-06,False,spread,True,False,0.33175699999999997,3.3374337240811798,0.11919406157432785,0.33175699999999997,1.107217
com-Friendster,https://snap.stanford.edu/data/bigdata/communities/com-friendster.all.cmty.txt.gz,36,500,1e-06,True,spread,True,False,0.400521,2.7642245974618063,0.07678401659616128,0.400521,1.1071300000000002
com-Friendster,https://snap.stanford.edu/data/bigdata/communities/com-friendster.all.cmty.txt.gz,36,500,1e-06,False,spread,True,False,0.397018,2.788833251892861,0.07746759033035726,0.397018,1.107217
com-Friendster,https://snap.stanford.edu/data/bigdata/communities/com-friendster.all.cmty.txt.gz,44,500,1e-06,True,spread,True,False,0.388876,2.8470000720023867,0.06470454709096334,0.388876,1.1071300000000002
com-Friendster,https://snap.stanford.edu/data/bigdata/communities/com-friendster.all.cmty.txt.gz,44,500,1e-06,False,spread,True,False,0.38915700000000003,2.8451678885385583,0.06466290655769451,0.38915700000000003,1.107217
com-Friendster,https://snap.stanford.edu/data/bigdata/communities/com-friendster.all.cmty.txt.gz,66,500,1e-06,True,spread,True,False,0.39782,2.7829923080790313,0.042166550122409566,0.39782,1.1071300000000002
com-Friendster,https://snap.stanford.edu/data/bigdata/communities/com-friendster.all.cmty.txt.gz,66,500,1e-06,False,spread,True,False,0.40390899999999996,2.7412535992018006,0.04153414544245152,0.40390899999999996,1.107217
com-Friendster,https://snap.stanford.edu/data/bigdata/communities/com-friendster.all.cmty.txt.gz,88,500,1e-06,True,spread,True,False,0.39054099999999997,2.8348624088123917,0.03221434555468627,0.39054099999999997,1.1071300000000002
com-Friendster,https://snap.stanford.edu/data/bigdata/communities/com-friendster.all.cmty.txt.gz,88,500,1e-06,False,spread,True,False,0.388557,2.8495613256227528,0.032381378700258555,0.388557,1.107217
com-LiveJournal,https://snap.stanford.edu/data/bigdata/communities/com-lj.all.cmty.txt.gz,1,500,1e-06,True,spread,True,False,0.038179000000000005,1.0,1.0,0.038179000000000005,0.038179000000000005
com-LiveJournal,https://snap.stanford.edu/data/bigdata/communities/com-lj.all.cmty.txt.gz,1,500,1e-06,False,spread,True,False,0.041117,1.0,1.0,0.041117,0.041117
com-LiveJournal,https://snap.stanford.edu/data/bigdata/communities/com-lj.all.cmty.txt.gz,4,500,1e-06,True,spread,True,False,0.033338999999999994,1.145175320195567,0.28629383004889175,0.033338999999999994,0.038179000000000005
com-LiveJournal,https://snap.stanford.edu/data/bigdata/communities/com-lj.all.cmty.txt.gz,4,500,1e-06,False,spread,True,False,0.033002,1.2458941882310164,0.3114735470577541,0.033002,0.041117
com-LiveJournal,https://snap.stanford.edu/data/bigdata/communities/com-lj.all.cmty.txt.gz,12,500,1e-06,True,spread,True,False,0.014662,2.6039421634156326,0.21699518028463605,0.014662,0.038179000000000005
com-LiveJournal,https://snap.stanford.edu/data/bigdata/communities/com-lj.all.cmty.txt.gz,12,500,1e-06,False,spread,True,False,0.014526,2.8305796502822522,0.235881637523521,0.014526,0.041117
com-LiveJournal,https://snap.stanford.edu/data/bigdata/communities/com-lj.all.cmty.txt.gz,22,500,1e-06,True,spread,True,False,0.011123,3.432437292097456,0.15601987691352073,0.011123,0.038179000000000005
com-LiveJournal,https://snap.stanford.edu/data/bigdata/communities/com-lj.all.cmty.txt.gz,22,500,1e-06,False,spread,True,False,0.011179,3.6780570712943916,0.16718441233156325,0.011179,0.041117
com-LiveJournal,https://snap.stanford.edu/data/bigdata/communities/com-lj.all.cmty.txt.gz,28,500,1e-06,True,spread,True,False,0.009579,3.985697880780875,0.14234635288503125,0.009579,0.038179000000000005
com-LiveJournal,https://snap.stanford.edu/data/bigdata/communities/com-lj.all.cmty.txt.gz,28,500,1e-06,False,spread,True,False,0.009662,4.25553715586835,0.15198346985244107,0.009662,0.041117
com-LiveJournal,https://snap.stanford.edu/data/bigdata/communities/com-lj.all.cmty.txt.gz,36,500,1e-06,True,spread,True,False,0.008486,4.499057270798963,0.12497381307774899,0.008486,0.038179000000000005
com-LiveJournal,https://snap.stanford.edu/data/bigdata/communities/com-lj.all.cmty.txt.gz,36,500,1e-06,False,spread,True,False,0.008545,4.811819777647747,0.1336616604902152,0.008545,0.041117
com-LiveJournal,https://snap.stanford.edu/data/bigdata/communities/com-lj.all.cmty.txt.gz,44,500,1e-06,True,spread,True,False,0.007882,4.843821365135753,0.11008684920763075,0.007882,0.038179000000000005
com-LiveJournal,https://snap.stanford.edu/data/bigdata/communities/com-lj.all.cmty.txt.gz,44,500,1e-06,False,spread,True,False,0.007852000000000001,5.236500254712174,0.11901136942527668,0.007852000000000001,0.041117
com-LiveJournal,https://snap.stanford.edu/data/bigdata/communities/com-lj.all.cmty.txt.gz,66,500,1e-06,True,spread,True,False,0.009548,3.9986384583158783,0.06058543118660422,0.009548,0.038179000000000005
com-LiveJournal,https://snap.stanford.edu/data/bigdata/communities/com-lj.all.cmty.txt.gz,66,500,1e-06,False,spread,True,False,0.008212,5.006941061860691,0.07586274336152563,0.008212,0.041117
com-LiveJournal,https://snap.stanford.edu/data/bigdata/communities/com-lj.all.cmty.txt.gz,88,500,1e-06,True,spread,True,False,0.009721,3.927476597057916,0.04463041587565814,0.009721,0.038179000000000005
com-LiveJournal,https://snap.stanford.edu/data/bigdata/communities/com-lj.all.cmty.txt.gz,88,500,1e-06,False,spread,True,False,0.008345,4.927142001198322,0.0559902500136173,0.008345,0.041117
web-Google,https://snap.stanford.edu/data/web-Google.txt.gz,1,500,1e-06,True,close,True,False,0.446169,1.0,1.0,0.446169,0.446169
web-Google,https://snap.stanford.edu/data/web-Google.txt.gz,1,500,1e-06,False,close,True,False,0.443152,1.0,1.0,0.443152,0.443152
web-Google,https://snap.stanford.edu/data/web-Google.txt.gz,4,500,1e-06,True,close,True,False,0.13089,3.408732523493009,0.8521831308732523,0.13089,0.446169
web-Google,https://snap.stanford.edu/data/web-Google.txt.gz,4,500,1e-06,False,close,True,False,0.209796,2.112299567198612,0.528074891799653,0.209796,0.443152
web-Google,https://snap.stanford.edu/data/web-Google.txt.gz,12,500,1e-06,True,close,True,False,0.05641700000000001,7.908414130492581,0.6590345108743817,0.05641700000000001,0.446169
web-Google,https://snap.stanford.edu/data/web-Google.txt.gz,12,500,1e-06,False,close,True,False,0.082036,5.401921107806329,0.45016009231719406,0.082036,0.443152
web-Google,https://snap.stanford.edu/data/web-Google.txt.gz,22,500,1e-06,True,close,True,False,0.036265000000000006,12.303019440231626,0.5592281563741648,0.036265000000000006,0.446169
web-Google,https://snap.stanford.edu/data/web-Google.txt.gz,22,500,1e-06,False,close,True,False,0.053110000000000004,8.34404067030691,0.37927457592304137,0.053110000000000004,0.443152
web-Google,https://snap.stanford.edu/data/web-Google.txt.gz,28,500,1e-06,True,close,True,False,0.034284999999999996,13.013533615283652,0.4647690576887019,0.034284999999999996,0.446169
web-Google,https://snap.stanford.edu/data/web-Google.txt.gz,28,500,1e-06,False,close,True,False,0.040776999999999994,10.867695024155775,0.3881319651484206,0.040776999999999994,0.443152
web-Google,https://snap.stanford.edu/data/web-Google.txt.gz,36,500,1e-06,True,close,True,False,0.033687,13.244545373586249,0.36790403815517353,0.033687,0.446169
web-Google,https://snap.stanford.edu/data/web-Google.txt.gz,36,500,1e-06,False,close,True,False,0.038282,11.57598871532313,0.3215552420923092,0.038282,0.443152
web-Google,https://snap.stanford.edu/data/web-Google.txt.gz,44,500,1e-06,True,close,True,False,0.032617,13.679032406413832,0.3108871001457689,0.032617,0.446169
web-Google,https://snap.stanford.edu/data/web-Google.txt.gz,44,500,1e-06,False,close,True,False,0.036464,12.153137340939008,0.2762076668395229,0.036464,0.443152
web-Google,https://snap.stanford.edu/data/web-Google.txt.gz,66,500,1e-06,True,close,True,False,0.037951,11.756449105425418,0.17812801674886994,0.037951,0.446169
web-Google,https://snap.stanford.edu/data/web-Google.txt.gz,66,500,1e-06,False,close,True,False,0.028762,15.40755163062374,0.23344775197914758,0.028762,0.443152
web-Google,https://snap.stanford.edu/data/web-Google.txt.gz,88,500,1e-06,True,close,True,False,0.039275,11.360127307447486,0.1290923557664487,0.039275,0.446169
web-Google,https://snap.stanford.edu/data/web-Google.txt.gz,88,500,1e-06,False,close,True,False,0.028997000000000002,15.282684415629202,0.17366686835942277,0.028997000000000002,0.443152
web-BerkStan,https://snap.stanford.edu/data/web-BerkStan.txt.gz,1,500,1e-06,True,close,True,False,0.30649099999999996,1.0,1.0,0.30649099999999996,0.30649099999999996
web-BerkStan,https://snap.stanford.edu/data/web-BerkStan.txt.gz,1,500,1e-06,False,close,True,False,0.305292,1.0,1.0,0.305292,0.305292
web-BerkStan,https://snap.stanford.edu/data/web-BerkStan.txt.gz,4,500,1e-06,True,close,True,False,0.09196,3.332872988255763,0.8332182470639408,0.09196,0.30649099999999996
web-BerkStan,https://snap.stanford.edu/data/web-BerkStan.txt.gz,4,500,1e-06,False,close,True,False,0.108792,2.8061989852195017,0.7015497463048754,0.108792,0.305292
web-BerkStan,https://snap.stanford.edu/data/web-BerkStan.txt.gz,12,500,1e-06,True,close,True,False,0.047591,6.440104221386395,0.5366753517821996,0.047591,0.30649099999999996
web-BerkStan,https://snap.stanford.edu/data/web-BerkStan.txt.gz,12,500,1e-06,False,close,True,False,0.054225,5.630096818810512,0.46917473490087597,0.054225,0.305292
web-BerkStan,https://snap.stanford.edu/data/web-BerkStan.txt.gz,22,500,1e-06,True,close,True,False,0.036268,8.45072791441491,0.3841239961097686,0.036268,0.30649099999999996
web-BerkStan,https://snap.stanford.edu/data/web-BerkStan.txt.gz,22,500,1e-06,False,close,True,False,0.043435,7.028709566018188,0.3194867984553722,0.043435,0.305292
web-BerkStan,https://snap.stanford.edu/data/web-BerkStan.txt.gz,28,500,1e-06,True,close,True,False,0.034898,8.782480371367987,0.31366001326314236,0.034898,0.30649099999999996
web-BerkStan,https://snap.stanford.edu/data/web-BerkStan.txt.gz,28,500,1e-06,False,close,True,False,0.042294,7.218328840970351,0.25779745860608394,0.042294,0.305292
web-BerkStan,https://snap.stanford.edu/data/web-BerkStan.txt.gz,36,500,1e-06,True,close,True,False,0.029448000000000002,10.407871502309153,0.28910754173080977,0.029448000000000002,0.30649099999999996
web-BerkStan,https://snap.stanford.edu/data/web-BerkStan.txt.gz,36,500,1e-06,False,close,True,False,0.033099,9.223601921508202,0.25621116448633896,0.033099,0.305292
web-BerkStan,https://snap.stanford.edu/data/web-BerkStan.txt.gz,44,500,1e-06,True,close,True,False,0.029866999999999998,10.26186091673084,0.23322411174388272,0.029866999999999998,0.30649099999999996
web-BerkStan,https://snap.stanford.edu/data/web-BerkStan.txt.gz,44,500,1e-06,False,close,True,False,0.033141,9.211912736489547,0.20936165310203514,0.033141,0.305292
web-BerkStan,https://snap.stanford.edu/data/web-BerkStan.txt.gz,66,500,1e-06,True,close,True,False,0.036722,8.346250204237242,0.126458336427837,0.036722,0.30649099999999996
web-BerkStan,https://snap.stanford.edu/data/web-BerkStan.txt.gz,66,500,1e-06,False,close,True,False,0.034311,8.89778788143744,0.13481496790056727,0.034311,0.305292
web-BerkStan,https://snap.stanford.edu/data/web-BerkStan.txt.gz,88,500,1e-06,True,close,True,False,0.037529999999999994,8.166560085265122,0.09280181915074003,0.037529999999999994,0.30649099999999996
web-BerkStan,https://snap.stanford.edu/data/web-BerkStan.txt.gz,88,500,1e-06,False,close,True,False,0.034669,8.805907294701319,0.10006712834887861,0.034669,0.305292
web-NotreDame,https://snap.stanford.edu/data/web-NotreDame.txt.gz,1,500,1e-06,True,close,True,False,0.063995,1.0,1.0,0.063995,0.063995
web-NotreDame,https://snap.stanford.edu/data/web-NotreDame.txt.gz,1,500,1e-06,False,close,True,False,0.062777,1.0,1.0,0.062777,0.062777
web-NotreDame,https://snap.stanford.edu/data/web-NotreDame.txt.gz,4,500,1e-06,True,close,True,False,0.019816,3.2294610415825593,0.8073652603956398,0.019816,0.063995
web-NotreDame,https://snap.stanford.edu/data/web-NotreDame.txt.gz,4,500,1e-06,False,close,True,False,0.025130999999999997,2.4979905296247664,0.6244976324061916,0.025130999999999997,0.062777
web-NotreDame,https://snap.stanford.edu/data/web-NotreDame.txt.gz,12,500,1e-06,True,close,True,False,0.013483,4.746347252095231,0.39552893767460257,0.013483,0.063995
web-NotreDame,https://snap.stanford.edu/data/web-NotreDame.txt.gz,12,500,1e-06,False,close,True,False,0.016873,3.7205594737154035,0.310046622809617,0.016873,0.062777
web-NotreDame,https://snap.stanford.edu/data/web-NotreDame.txt.gz,22,500,1e-06,True,close,True,False,0.010535,6.074513526340769,0.2761142511973077,0.010535,0.063995
web-NotreDame,https://snap.stanford.edu/data/web-NotreDame.txt.gz,22,500,1e-06,False,close,True,False,0.013933999999999998,4.505310750681786,0.20478685230371754,0.013933999999999998,0.062777
web-NotreDame,https://snap.stanford.edu/data/web-NotreDame.txt.gz,28,500,1e-06,True,close,True,False,0.011183,5.722525261557721,0.20437590219849003,0.011183,0.063995
web-NotreDame,https://snap.stanford.edu/data/web-NotreDame.txt.gz,28,500,1e-06,False,close,True,False,0.013930999999999999,4.506280956140981,0.1609386055764636,0.013930999999999999,0.062777
web-NotreDame,https://snap.stanford.edu/data/web-NotreDame.txt.gz,36,500,1e-06,True,close,True,False,0.011437,5.595435866048789,0.1554287740569108,0.011437,0.063995
web-NotreDame,https://snap.stanford.edu/data/web-NotreDame.txt.gz,36,500,1e-06,False,close,True,False,0.013952999999999998,4.499175804486491,0.12497710568018029,0.013952999999999998,0.062777
web-NotreDame,https://snap.stanford.edu/data/web-NotreDame.txt.gz,44,500,1e-06,True,close,True,False,0.011551,5.540212968574149,0.12591393110395793,0.011551,0.063995
web-NotreDame,https://snap.stanford.edu/data/web-NotreDame.txt.gz,44,500,1e-06,False,close,True,False,0.014006,4.482150506925604,0.1018670569755819,0.014006,0.062777
web-NotreDame,https://snap.stanford.edu/data/web-NotreDame.txt.gz,66,500,1e-06,True,close,True,False,0.015875,4.031181102362204,0.06107850155094249,0.015875,0.063995
web-NotreDame,https://snap.stanford.edu/data/web-NotreDame.txt.gz,66,500,1e-06,False,close,True,False,0.014680000000000002,4.276362397820163,0.06479336966394186,0.014680000000000002,0.062777
web-NotreDame,https://snap.stanford.edu/data/web-NotreDame.txt.gz,88,500,1e-06,True,close,True,False,0.016589,3.8576767737657485,0.04383723606551986,0.016589,0.063995
web-NotreDame,https://snap.stanford.edu/data/web-NotreDame.txt.gz,88,500,1e-06,False,close,True,False,0.01494,4.20194109772423,0.047749330655957156,0.01494,0.062777
web-Stanford,https://snap.stanford.edu/data/web-Stanford.txt.gz,1,500,1e-06,True,close,True,False,0.177626,1.0,1.0,0.177626,0.177626
web-Stanford,https://snap.stanford.edu/data/web-Stanford.txt.gz,1,500,1e-06,False,close,True,False,0.17751699999999998,1.0,1.0,0.17751699999999998,0.17751699999999998
web-Stanford,https://snap.stanford.edu/data/web-Stanford.txt.gz,4,500,1e-06,True,close,True,False,0.055493,3.2008721820770187,0.8002180455192547,0.055493,0.177626
web-Stanford,https://snap.stanford.edu/data/web-Stanford.txt.gz,4,500,1e-06,False,close,True,False,0.089168,1.9908150906154674,0.49770377265386684,0.089168,0.17751699999999998
web-Stanford,https://snap.stanford.edu/data/web-Stanford.txt.gz,12,500,1e-06,True,close,True,False,0.028974,6.130530820735832,0.5108775683946527,0.028974,0.177626
web-Stanford,https://snap.stanford.edu/data/web-Stanford.txt.gz,12,500,1e-06,False,close,True,False,0.040159,4.420354092482382,0.3683628410401985,0.040159,0.17751699999999998
web-Stanford,https://snap.stanford.edu/data/web-Stanford.txt.gz,22,500,1e-06,True,close,True,False,0.017403000000000002,10.20663104062518,0.46393777457387175,0.017403000000000002,0.177626
web-Stanford,https://snap.stanford.edu/data/web-Stanford.txt.gz,22,500,1e-06,False,close,True,False,0.025516,6.957085750117573,0.3162311704598897,0.025516,0.17751699999999998
web-Stanford,https://snap.stanford.edu/data/web-Stanford.txt.gz,28,500,1e-06,True,close,True,False,0.020006,8.878636409077277,0.3170941574670456,0.020006,0.177626
web-Stanford,https://snap.stanford.edu/data/web-Stanford.txt.gz,28,500,1e-06,False,close,True,False,0.025068,7.081418541566937,0.25290780505596205,0.025068,0.17751699999999998
web-Stanford,https://snap.stanford.edu/data/web-Stanford.txt.gz,36,500,1e-06,True,close,True,False,0.020322,8.740576714890267,0.24279379763584075,0.020322,0.177626
web-Stanford,https://snap.stanford.edu/data/web-Stanford.txt.gz,36,500,1e-06,False,close,True,False,0.025218,7.039297327305891,0.1955360368696081,0.025218,0.17751699999999998
web-Stanford,https://snap.stanford.edu/data/web-Stanford.txt.gz,44,500,1e-06,True,close,True,False,0.020814,8.533967521860287,0.19395380731500653,0.020814,0.177626
web-Stanford,https://snap.stanford.edu/data/web-Stanford.txt.gz,44,500,1e-06,False,close,True,False,0.02525,7.030376237623761,0.15978127812781276,0.02525,0.17751699999999998
web-Stanford,https://snap.stanford.edu/data/web-Stanford.txt.gz,66,500,1e-06,True,close,True,False,0.025207,7.046693378823343,0.10676808149732338,0.025207,0.177626
web-Stanford,https://snap.stanford.edu/data/web-Stanford.txt.gz,66,500,1e-06,False,close,True,False,0.028761000000000002,6.172142832307638,0.0935173156410248,0.028761000000000002,0.17751699999999998
web-Stanford,https://snap.stanford.edu/data/web-Stanford.txt.gz,88,500,1e-06,True,close,True,False,0.026253,6.765931512589038,0.07688558537032997,0.026253,0.177626
web-Stanford,https://snap.stanford.edu/data/web-Stanford.txt.gz,88,500,1e-06,False,close,True,False,0.029244,6.070202434687457,0.06897957312144838,0.029244,0.17751699999999998
com-Orkut,https://snap.stanford.edu/data/bigdata/communities/com-orkut.all.cmty.txt.gz,1,500,1e-06,True,close,True,False,0.081216,1.0,1.0,0.081216,0.081216
com-Orkut,https://snap.stanford.edu/data/bigdata/communities/com-orkut.all.cmty.txt.gz,1,500,1e-06,False,close,True,False,0.079202,1.0,1.0,0.079202,0.079202
com-Orkut,https://snap.stanford.edu/data/bigdata/communities/com-orkut.all.cmty.txt.gz,4,500,1e-06,True,close,True,False,0.079247,1.0248463664239655,0.2562115916059914,0.079247,0.081216
com-Orkut,https://snap.stanford.edu/data/bigdata/communities/com-orkut.all.cmty.txt.gz,4,500,1e-06,False,close,True,False,0.084063,0.9421743216397226,0.23554358040993065,0.084063,0.079202
com-Orkut,https://snap.stanford.edu/data/bigdata/communities/com-orkut.all.cmty.txt.gz,12,500,1e-06,True,close,True,False,0.039344000000000004,2.0642537616917442,0.17202114680764535,0.039344000000000004,0.081216
com-Orkut,https://snap.stanford.edu/data/bigdata/communities/com-orkut.all.cmty.txt.gz,12,500,1e-06,False,close,True,False,0.042725,1.8537624341720302,0.15448020284766922,0.042725,0.079202
com-Orkut,https://snap.stanford.edu/data/bigdata/communities/com-orkut.all.cmty.txt.gz,22,500,1e-06,True,close,True,False,0.026745,3.0366797532249015,0.13803089787385914,0.026745,0.081216
com-Orkut,https://snap.stanford.edu/data/bigdata/communities/com-orkut.all.cmty.txt.gz,22,500,1e-06,False,close,True,False,0.026109,3.0335133478877014,0.1378869703585319,0.026109,0.079202
com-Orkut,https://snap.stanford.edu/data/bigdata/communities/com-orkut.all.cmty.txt.gz,28,500,1e-06,True,close,True,False,0.027816,2.9197584124245037,0.10427708615801799,0.027816,0.081216
com-Orkut,https://snap.stanford.edu/data/bigdata/communities/com-orkut.all.cmty.txt.gz,28,500,1e-06,False,close,True,False,0.023885,3.3159723675947244,0.11842758455695444,0.023885,0.079202
com-Orkut,https://snap.stanford.edu/data/bigdata/communities/com-orkut.all.cmty.txt.gz,36,500,1e-06,True,close,True,False,0.023993,3.384987287958988,0.09402742466552745,0.023993,0.081216
com-Orkut,https://snap.stanford.edu/data/bigdata/communities/com-orkut.all.cmty.txt.gz,36,500,1e-06,False,close,True,False,0.020252,3.9108236223582855,0.10863398950995237,0.020252,0.079202
com-Orkut,https://snap.stanford.edu/data/bigdata/communities/com-orkut.all.cmty.txt.gz,44,500,1e-06,True,close,True,False,0.023653,3.433644780788906,0.07803738138156605,0.023653,0.081216
com-Orkut,https://snap.stanford.edu/data/bigdata/communities/com-orkut.all.cmty.txt.gz,44,500,1e-06,False,close,True,False,0.017849999999999998,4.437086834733893,0.1008428826075885,0.017849999999999998,0.079202
com-Orkut,https://snap.stanford.edu/data/bigdata/communities/com-orkut.all.cmty.txt.gz,66,500,1e-06,True,close,True,False,0.02697,3.011345939933259,0.04562645363535241,0.02697,0.081216
com-Orkut,https://snap.stanford.edu/data/bigdata/communities/com-orkut.all.cmty.txt.gz,66,500,1e-06,False,close,True,False,0.018782,4.216909807262272,0.06389257283730716,0.018782,0.079202
com-Orkut,https://snap.stanford.edu/data/bigdata/communities/com-orkut.all.cmty.txt.gz,88,500,1e-06,True,close,True,False,0.027013,3.0065524006959614,0.03416536818972683,0.027013,0.081216
com-Orkut,https://snap.stanford.edu/data/bigdata/communities/com-orkut.all.cmty.txt.gz,88,500,1e-06,False,close,True,False,0.018146000000000002,4.364708475697123,0.04959895995110366,0.018146000000000002,0.079202
com-Friendster,https://snap.stanford.edu/data/bigdata/communities/com-friendster.all.cmty.txt.gz,1,500,1e-06,True,close,True,False,1.1051069999999998,1.0,1.0,1.1051069999999998,1.1051069999999998
com-Friendster,https://snap.stanford.edu/data/bigdata/communities/com-friendster.all.cmty.txt.gz,1,500,1e-06,False,close,True,False,1.105124,1.0,1.0,1.105124,1.105124
com-Friendster,https://snap.stanford.edu/data/bigdata/communities/com-friendster.all.cmty.txt.gz,4,500,1e-06,True,close,True,False,0.48863199999999996,2.2616345225036425,0.5654086306259106,0.48863199999999996,1.1051069999999998
com-Friendster,https://snap.stanford.edu/data/bigdata/communities/com-friendster.all.cmty.txt.gz,4,500,1e-06,False,close,True,False,0.629535,1.7554607766049546,0.43886519415123865,0.629535,1.105124
com-Friendster,https://snap.stanford.edu/data/bigdata/communities/com-friendster.all.cmty.txt.gz,12,500,1e-06,True,close,True,False,0.274409,4.027225783410893,0.3356021486175744,0.274409,1.1051069999999998
com-Friendster,https://snap.stanford.edu/data/bigdata/communities/com-friendster.all.cmty.txt.gz,12,500,1e-06,False,close,True,False,0.29546100000000003,3.7403379803087375,0.31169483169239476,0.29546100000000003,1.105124
com-Friendster,https://snap.stanford.edu/data/bigdata/communities/com-friendster.all.cmty.txt.gz,22,500,1e-06,True,close,True,False,0.25528399999999996,4.3289316995973115,0.1967696227089687,0.25528399999999996,1.1051069999999998
com-Friendster,https://snap.stanford.edu/data/bigdata/communities/com-friendster.all.cmty.txt.gz,22,500,1e-06,False,close,True,False,0.260802,4.237406154860776,0.1926093706754898,0.260802,1.105124
com-Friendster,https://snap.stanford.edu/data/bigdata/communities/com-friendster.all.cmty.txt.gz,28,500,1e-06,True,close,True,False,0.343451,3.217655502531656,0.11491626794755914,0.343451,1.1051069999999998
com-Friendster,https://snap.stanford.edu/data/bigdata/communities/com-friendster.all.cmty.txt.gz,28,500,1e-06,False,close,True,False,0.26349100000000003,4.194162229449962,0.1497915081946415,0.26349100000000003,1.105124
com-Friendster,https://snap.stanford.edu/data/bigdata/communities/com-friendster.all.cmty.txt.gz,36,500,1e-06,True,close,True,False,0.397696,2.778773233826842,0.07718814538407895,0.397696,1.1051069999999998
com-Friendster,https://snap.stanford.edu/data/bigdata/communities/com-friendster.all.cmty.txt.gz,36,500,1e-06,False,close,True,False,0.330573,3.343055845456223,0.09286266237378396,0.330573,1.105124
com-Friendster,https://snap.stanford.edu/data/bigdata/communities/com-friendster.all.cmty.txt.gz,44,500,1e-06,True,close,True,False,0.38929800000000003,2.8387173835981683,0.06451630417268564,0.38929800000000003,1.1051069999999998
com-Friendster,https://snap.stanford.edu/data/bigdata/communities/com-friendster.all.cmty.txt.gz,44,500,1e-06,False,close,True,False,0.331778,3.3309140449336603,0.07570259193031045,0.331778,1.105124
com-Friendster,https://snap.stanford.edu/data/bigdata/communities/com-friendster.all.cmty.txt.gz,66,500,1e-06,True,close,True,False,0.398022,2.7764972790448765,0.04206814059158904,0.398022,1.1051069999999998
com-Friendster,https://snap.stanford.edu/data/bigdata/communities/com-friendster.all.cmty.txt.gz,66,500,1e-06,False,close,True,False,0.403531,2.738634702166624,0.04149446518434279,0.403531,1.105124
com-Friendster,https://snap.stanford.edu/data/bigdata/communities/com-friendster.all.cmty.txt.gz,88,500,1e-06,True,close,True,False,0.391204,2.8248867598490808,0.032100985907375916,0.391204,1.1051069999999998
com-Friendster,https://snap.stanford.edu/data/bigdata/communities/com-friendster.all.cmty.txt.gz,88,500,1e-06,False,close,True,False,0.38806599999999997,2.8477733169100103,0.03236106041943193,0.38806599999999997,1.105124
com-LiveJournal,https://snap.stanford.edu/data/bigdata/communities/com-lj.all.cmty.txt.gz,1,500,1e-06,True,close,True,False,0.051743000000000004,1.0,1.0,0.051743000000000004,0.051743000000000004
com-LiveJournal,https://snap.stanford.edu/data/bigdata/communities/com-lj.all.cmty.txt.gz,1,500,1e-06,False,close,True,False,0.050483,1.0,1.0,0.050483,0.050483
com-LiveJournal,https://snap.stanford.edu/data/bigdata/communities/com-lj.all.cmty.txt.gz,4,500,1e-06,True,close,True,False,0.02912,1.7768887362637364,0.4442221840659341,0.02912,0.051743000000000004
com-LiveJournal,https://snap.stanford.edu/data/bigdata/communities/com-lj.all.cmty.txt.gz,4,500,1e-06,False,close,True,False,0.037378,1.350607309112312,0.337651827278078,0.037378,0.050483
com-LiveJournal,https://snap.stanford.edu/data/bigdata/communities/com-lj.all.cmty.txt.gz,12,500,1e-06,True,close,True,False,0.015492,3.3399819261554353,0.2783318271796196,0.015492,0.051743000000000004
com-LiveJournal,https://snap.stanford.edu/data/bigdata/communities/com-lj.all.cmty.txt.gz,12,500,1e-06,False,close,True,False,0.016283,3.100350058343057,0.25836250486192147,0.016283,0.050483
com-LiveJournal,https://snap.stanford.edu/data/bigdata/communities/com-lj.all.cmty.txt.gz,22,500,1e-06,True,close,True,False,0.013222000000000001,3.913401905914385,0.17788190481429023,0.013222000000000001,0.051743000000000004
com-LiveJournal,https://snap.stanford.edu/data/bigdata/communities/com-lj.all.cmty.txt.gz,22,500,1e-06,False,close,True,False,0.014360000000000001,3.5155292479108633,0.15979678399594832,0.014360000000000001,0.050483
com-LiveJournal,https://snap.stanford.edu/data/bigdata/communities/com-lj.all.cmty.txt.gz,28,500,1e-06,True,close,True,False,0.010828,4.7786294791281865,0.17066533854029237,0.010828,0.051743000000000004
com-LiveJournal,https://snap.stanford.edu/data/bigdata/communities/com-lj.all.cmty.txt.gz,28,500,1e-06,False,close,True,False,0.013281000000000001,3.801144492131616,0.13575516043327202,0.013281000000000001,0.050483
com-LiveJournal,https://snap.stanford.edu/data/bigdata/communities/com-lj.all.cmty.txt.gz,36,500,1e-06,True,close,True,False,0.008869,5.834141391363175,0.16205948309342152,0.008869,0.051743000000000004
com-LiveJournal,https://snap.stanford.edu/data/bigdata/communities/com-lj.all.cmty.txt.gz,36,500,1e-06,False,close,True,False,0.012633,3.996121269690493,0.1110033686025137,0.012633,0.050483
com-LiveJournal,https://snap.stanford.edu/data/bigdata/communities/com-lj.all.cmty.txt.gz,44,500,1e-06,True,close,True,False,0.007917,6.535682708096501,0.14853824336582958,0.007917,0.051743000000000004
com-LiveJournal,https://snap.stanford.edu/data/bigdata/communities/com-lj.all.cmty.txt.gz,44,500,1e-06,False,close,True,False,0.012191,4.14100565991305,0.09411376499802387,0.012191,0.050483
com-LiveJournal,https://snap.stanford.edu/data/bigdata/communities/com-lj.all.cmty.txt.gz,66,500,1e-06,True,close,True,False,0.009833999999999999,5.261643278421803,0.0797218678548758,0.009833999999999999,0.051743000000000004
com-LiveJournal,https://snap.stanford.edu/data/bigdata/communities/com-lj.all.cmty.txt.gz,66,500,1e-06,False,close,True,False,0.009178,5.500435824798431,0.08333993673937015,0.009178,0.050483
com-LiveJournal,https://snap.stanford.edu/data/bigdata/communities/com-lj.all.cmty.txt.gz,88,500,1e-06,True,close,True,False,0.009728,5.318976151315789,0.0604429108104067,0.009728,0.051743000000000004
com-LiveJournal,https://snap.stanford.edu/data/bigdata/communities/com-lj.all.cmty.txt.gz,88,500,1e-06,False,close,True,False,0.008374,6.028540721280153,0.06850614456000173,0.008374,0.050483
